---
title: 复杂查询
date: 2021-01-13 23:05:42
permalink: /pages/4069e4/
categories:
  - MySQL
  - 基础
tags:
  - 
---

# 复杂查询

## 视图

表中存储的是实际数据，而**视图**中保存的是**从表中取出数据所使用的 SELECT 语句**。将经常使用的 SELECT 语句做成视图。

用于封装复杂查询。



### 创建视图

```sql
CREATE VIEW 视图名称(<视图列名1>, <视图列名2>, ......) AS <SELECT 语句 >
```

-   **视图名称后可以不写列名，采用 SELECT 的列名**
-   SELECT 语句需要书写在 AS 关键字之后。SELECT 语句中列的排列顺序和视图中列的排列顺序相同
-   应该**避免在视图的基础上创建视图**，因为对多数DBMS来说多重视图会降低 SQL 的性能。



### 删除视图

```
DROP VIEW 视图名称(<视图列名1>, <视图列名2>, ......)
```

-   在 PostgreSQL 中，如果删除以视图为基础创建出来的多重视图，由于存在关联的视图，因此会发生错误。使用 CASCADE 选项来删除关联视图。`DROP VIEW ProductSum CASCADE;`



### 查看视图

#### 查看创建的视图（同表）

```sql
SHOW TABLES;
```



#### 查看视图的定义

视图是一张`虚拟表`，用来查看视图结构的语句和用来查看表结构的语句比较类似，是这样的：

```sql
SHOW CREATE VIEW 视图名;
```

比如我们来查看一下`student_info_view`视图的结构可以这样写：

```
mysql> SHOW CREATE VIEW student_info_view\G
*************************** 1. row ***************************
                View: student_info_view
         Create View: CREATE ALGORITHM=UNDEFINED DEFINER=`root`@`localhost` SQL SECURITY DEFINER VIEW `student_info_view` AS select `student_info`.`number` AS `no`,`student_info`.`name` AS `n`,`student_info`.`major` AS `m` from `student_info`
character_set_client: utf8
collation_connection: utf8_general_ci
1 row in set (0.00 sec)

mysql>
```

::: tip

小贴士： 注意到我们查询出来的视图结构中多了很多信息，比方说ALGORITHM=UNDEFINED、DEFINER=`root`@`localhost`、SQL SECURITY DEFINER等等等等，这些信息我们目前不关心，大家主动跳过就好了，等各位羽翼丰满了之后可以到MySQL文档中查看这些信息都代表啥意思。

:::



### 可更新的视图（不推荐使用） ☠️

我们前边唠叨的都是对视图的查询操作，其实有些视图是可更新的，也就是在视图上执行`INSERT`、`DELETE`、`UPDATE`语句。对视图执行INSERT、DELETE、UPDATE语句的本质上是对该视图对应的底层表中的数据进行增、删、改操作。比方说视图`student_info_view`的底层表是`student_info`，所以如果我们对`student_info_view`执行INSERT、DELETE、UPDATE语句就相当于对`student_info`表进行INSERT、DELETE、UPDATE语句，比方说我们执行这个语句：

```
mysql> UPDATE student_info_view SET n = '111' WHERE no = 20180101;
Query OK, 1 row affected (0.01 sec)
Rows matched: 1  Changed: 1  Warnings: 0

mysql>
```

我们再到`student_info`表中看一下这个学生的名称是否被改了：

```
mysql> SELECT name FROM student_info WHERE number = 20180101;
+------+
| name |
+------+
| 111  |
+------+
1 row in set (0.00 sec)

mysql>
```

名称的确被更改成功了！

不过并不是可以在所有的视图上执行更新语句的，在生成视图的时候使用了下边这些语句的都不能进行更新：

-   聚集函数（比如SUM(), MIN(), MAX(), COUNT()等等）
-   DISTINCT
-   GROUP BY
-   HAVING
-   UNION 或者 UNION ALL
-   某些子查询
-   某些连接查询
-   等等等等

我们这里对这些限制条件并不准备展开来说，因为这会引入更多复杂的东西，对于作为小白的我们来说，一般我们只在查询语句里使用视图，而不在INSERT、DELETE、UPDATE语句里使用视图！这里介绍对可更新的视图只是为了语法的完整性，并不是建议大家在实际使用过程中使用此功能。





### 注意

-   定义视图时不能使用ORDER BY子句（PostgreSQL可以使用）
-   （视图和表需要同时进行更新，因此通过汇总得到的视图无法进行更新）对视图进行更新需满足？？？啥意思：

-   -   SELECT 子句中未使用 DISTINCT
    -   FROM 子句中只有一张表
    -   未使用GROUP BY子句
    -   未使用 HAVING 子句





## 子查询

如：有时候会有从多个表中查询数据的需求，比如我们想查一下名叫`'杜琦燕'`的学生的各科成绩该怎么办呢？我们只能先从`student_info`表中根据名称找到对应的学生学号，然后再通过学号到`student_score`表中找着对应的成绩信息，所以这个问题的解决方案就是书写两个查询语句：

```
mysql> SELECT number FROM student_info WHERE name = '杜琦燕';
+----------+
| number   |
+----------+
| 20180102 |
+----------+
1 row in set (0.00 sec)

mysql> SELECT * FROM student_score WHERE number = 20180102;
+----------+-----------------------------+-------+
| number   | subject                     | score |
+----------+-----------------------------+-------+
| 20180102 | 母猪的产后护理              |   100 |
| 20180102 | 论萨达姆的战争准备          |    98 |
+----------+-----------------------------+-------+
2 rows in set (0.00 sec)

mysql>
```

子查询的**目的是将多个查询 SQL 合并到一个 SQL 中**。

有查询的嵌套，内部的查询称为子查询。看SELECT关键字的个数即可确认！

子查询就是将用来定义视图的 SELECT 语句直接用于FROM子句当中，但是不会像视图那样保存在存储介质(硬盘)之中，而是在 SELECT 语句执行之后就消失了。实际上 SELECT 语句包含嵌套的结构，**首先会执行 FROM 子句中的 SELECT 语句，然后才会执行外层的 SELECT 语句**。**尽量避免使用多层嵌套的子查询**。

**子查询必须设定名称**。Oracle 需要省略 AS 关键字才可以使用。



### 标量子查询 scalar subquery—单行单列

必须而且**只能返回 1 行 1 列**的结果，即返回单一值的子查询。任何位置都可以使用。可用在= 或者 <> 等需要单一值的比较运算符中。由于在**WHERE中**不能使用聚合函数，所以可以使用标量自查询来代替！**SELECT 中**也比较常见！

WHERE 中（运算符为 >、<、>=、<=、=、<>）：

```
mysql> SELECT * FROM student_score WHERE number = (SELECT number FROM student_info WHERE name = '杜琦燕');
+----------+-----------------------------+-------+
| number   | subject                     | score |
+----------+-----------------------------+-------+
| 20180102 | 母猪的产后护理              |   100 |
| 20180102 | 论萨达姆的战争准备          |    98 |
+----------+-----------------------------+-------+
2 rows in set (0.01 sec)

mysql>
```

SELECT 中：

```
mysql> SELECT (SELECT number FROM student_info WHERE name = '杜琦燕') AS 学号;
+----------+
| 学号     |
+----------+
| 20180102 |
+----------+
1 row in set (0.00 sec)

mysql>
```





### 列子查询—多行单列

WHERE后作为条件存在

运算符为 IN、ALL、ANY

```sql
SELECT * FROM 表1 别名1 WHERE 列1 [IN, ALL, ANY] (SELECT 列 FROM 表2 别名2 WHERE 条件)
```

```
mysql> SELECT * FROM student_score WHERE number IN (SELECT number FROM student_info WHERE major = '计算机科学与工程');
+----------+-----------------------------+-------+
| number   | subject                     | score |
+----------+-----------------------------+-------+
| 20180101 | 母猪的产后护理              |    78 |
| 20180101 | 论萨达姆的战争准备          |    88 |
| 20180102 | 母猪的产后护理              |   100 |
| 20180102 | 论萨达姆的战争准备          |    98 |
+----------+-----------------------------+-------+
4 rows in set (0.00 sec)

mysql>
```





### 行子查询—单行多列

只要子查询的结果集中最多只包含一条记录，而且这条记录中有超过一个列的数据（如果该条记录只包含一个列的话，该子查询就成了`标量子查询`），那么这个子查询就可以被称之为`行子查询`

比如这样：

```
mysql> SELECT * FROM student_score WHERE (number, subject) = (SELECT number, '母猪的产后护理' FROM student_info LIMIT 1);
+----------+-----------------------+-------+
| number   | subject               | score |
+----------+-----------------------+-------+
| 20180104 | 母猪的产后护理        |    55 |
+----------+-----------------------+-------+
1 row in set (0.01 sec)

mysql>
```

该子查询的查询列表是`number, '母猪的产后护理'`，其中`number`是列名，`'母猪的产后护理'`是一个常数。我们在子查询语句中加了`LIMIT 1`这个子句，意味着子查询最多只能返回一条记录，所以该子查询就可以被看作一个`行子查询`。

::: tip

小贴士： 在想要得到标量子查询或者行子查询，但又不能保证子查询的结果集只有一条记录时，应该使用LIMIT 1子句来限制记录数量。

:::

另外，之前的子查询操作数都是单一的一个值，不过由于上述的子查询执行后产生的结果集是一个行（包含2个列），所以用作等值比较的另一个操作数也得是2个值，本例中就是`(number, subject)`（注意，这两个值必须用小括号`()`扩住，否则会产生歧义）。它表达的语义就是：先获取到子查询的执行结果，然后再执行外层查询，如果`student_score`中记录的`number`等于子查询结果中的`number`列并且`subject`列等于子查询结果中的`'母猪的产后护理'`，那么就将该记录加入到结果集。





### 表子查询—多行多列

FROM后作为表存在，或用普通内连接添加多个条件来查询

```sql
SELECT * FROM 表1 别名1 , (SELECT ....) 别名2 WHERE 条件
```

如果子查询结果集中包含多行多列，那么这个子查询也可以被称之为`表子查询`，比如这样：

```
mysql> SELECT * FROM student_score WHERE (number, subject) IN (SELECT number, '母猪的产后护理' FROM student_info WHERE major = '计算机科学与工程');
+----------+-----------------------+-------+
| number   | subject               | score |
+----------+-----------------------+-------+
| 20180101 | 母猪的产后护理        |    78 |
| 20180102 | 母猪的产后护理        |   100 |
+----------+-----------------------+-------+
2 rows in set (0.00 sec)

mysql>
```

在这个例子中的子查询执行之后的结果集中包含多行多列，所以可以被看作是一个`表子查询`。





### EXISTS和NOT EXISTS子查询

有时候**外层查询并不关心子查询中的结果是什么**，而**只关心子查询的结果集是不是为空集**，这时可以用到下边这两个操作符：

| 操作符       | 示例                      | 描述                               |
| ------------ | ------------------------- | ---------------------------------- |
| `EXISTS`     | `EXISTS (SELECT ...)`     | 当子查询结果集不是空集时表达式为真 |
| `NOT EXISTS` | `NOT EXISTS (SELECT ...)` | 当子查询结果集是空集时表达式为真   |

我们来举个例子：

```
mysql> SELECT * FROM student_score WHERE EXISTS (SELECT * FROM student_info WHERE number = 20180108);
Empty set (0.00 sec)

mysql>
```

其中子查询的意思是在`student_info`表中查找学号为`20180108`的学生信息，很显然并没有学号为`20180108`的学生，所以子查询的结果集是一个空集，于是`EXISTS`表达式的结果为`FALSE`，所以外层查询也就不查了，直接返回了一个`Empty set`，表示没有结果。你可以自己试一下`NOT EXISTS`的使用。





### 不相关子查询和相关子查询 🔥

**前边介绍的子查询和外层查询都没有依赖关系**，也就是说**子查询可以独立运行并产生结果之后**，再拿结果作为外层查询的条件去执行外层查询，这种子查询称为`不相关子查询`，比如下边这个查询：

```
mysql> SELECT * FROM student_score WHERE number = (SELECT number FROM student_info WHERE name = '杜琦燕');
+----------+-----------------------------+-------+
| number   | subject                     | score |
+----------+-----------------------------+-------+
| 20180102 | 母猪的产后护理              |   100 |
| 20180102 | 论萨达姆的战争准备          |    98 |
+----------+-----------------------------+-------+
2 rows in set (0.00 sec)

mysql>
```

子查询中只用到了`student_info`表而没有使用到`student_score`表，它可以单独运行并产生结果，这就是一种典型的`不相关子查询`。

而有时候我们需要在子查询的语句中引用到外层查询的值，这样的话子查询就不能当作一个独立的语句去执行，这种子查询被称为`相关子查询`。比方说我们想查看一些学生的基本信息，但是前提是这些学生在`student_score`表中有成绩记录，那可以这么写：

```
mysql> SELECT number, name, id_number, major FROM student_info WHERE EXISTS (SELECT * FROM student_score WHERE student_score.number = student_info.number);
+----------+-----------+--------------------+--------------------------+
| number   | name      | id_number          | major                    |
+----------+-----------+--------------------+--------------------------+
| 20180101 | 杜子腾    | 158177199901044792 | 计算机科学与工程         |
| 20180102 | 杜琦燕    | 151008199801178529 | 计算机科学与工程         |
| 20180103 | 范统      | 17156319980116959X | 软件工程                 |
| 20180104 | 史珍香    | 141992199701078600 | 软件工程                 |
+----------+-----------+--------------------+--------------------------+
4 rows in set (0.00 sec)

mysql>
```

::: tip

小贴士： student_info和student_score表里都有number列，所以在子查询的WHERE语句中书写number = number会造成二义性，也就是让服务器懵逼，不知道这个number列到底是哪个表的，所以为了区分，在列名前边加上了表名，并用点.连接起来，这种显式的将列所属的表名书写出来的名称称为该列的全限定名。所以上边子查询的WHERE语句中用了列的全限定名：student_score.number = student_info.number。

:::

这条查询语句可以分成这么两部分来理解:

-   我们要查询学生的一些基本信息。
-   这些学生必须符合这样的条件：`必须有成绩记录保存在student_score表中`。

所以这个例子中的`相关子查询`的查询过程是这样的（**与不相关子查询执行顺序相反**）：

-   **先执行外层查询**获得到`student_info`表的第一条记录，发现它的`number`值是`20180101`。把`20180101`当作参数传入到子查询，此时子查询的意思是判断`student_score`表的`number`字段是否有`20180101`这个值存在，子查询的结果是该值存在，所以整个`EXISTS`表达式的值为`TRUE`，那么`student_info`表的第一条记录可以被加入到结果集。
-   再执行外层查询获得到`student_info`表的第二条记录，发现它的`number`值是`20180102`，与上边的步骤相同，`student_info`表的第二条记录也可以被加入到结果集。
-   与上边类似，`student_info`表的第三条记录也可以被加入到结果集。
-   与上边类似，`student_info`表的第四条记录也可以被加入到结果集。
-   再执行外层查询获得到`student_info`表的第五条记录，发现它的`number`值是`20180105`，把`20180105`当作参数传入到它的子查询，此时子查询的意思是判断`student_score`表的`number`字段是否有`20180105`这个值存在，子查询的结果是该值不存在，所以整个`EXISTS`表达式的值为`FALSE`，那么`student_info`表的第五条记录就不被加入结果集中。
-   与上一步骤类似，`student_info`表的第六条记录也不被加入结果集中。
-   `student_info`表没有更多的记录了，结束查询。



### 对同一个表的子查询 🔥

其实不只是在涉及多个表查询的时候会用到子查询，在只涉及单个表的查询中有时也会用到子查询。比方说我们想看看在`student_score`表的`'母猪的产后护理'`这门课的成绩中，有哪些超过了平均分的记录，脑子中第一印象是这么写：

```
mysql> SELECT * FROM student_score WHERE subject = '母猪的产后护理' AND score > AVG(score);
ERROR 1111 (HY000): Invalid use of group function
mysql>
```

很抱歉，报错了。为啥呢？因为**聚集函数是用来对分组做数据统计的（如果没有GROUP BY语句那么意味着只有一个分组），而`WHERE`子句是以记录为单位来执行过滤操作的，在`WHERE`子句执行完成之后才会得到分组，也就是说：聚集函数不能放到WHERE子句中**！！！ 如果我们想实现上边的需求，就需要搞一个`student_score`表的副本，就相当于有了两个`student_score`表，在一个表上使用聚集函数统计，统计完了之后拿着统计结果再到另一个表中进行过滤，这个过程可以这么写：

```
mysql>  SELECT * FROM student_score WHERE subject = '母猪的产后护理' AND score > (SELECT AVG(score) FROM student_score WHERE subject = '母猪的产后护理');
+----------+-----------------------+-------+
| number   | subject               | score |
+----------+-----------------------+-------+
| 20180101 | 母猪的产后护理        |    78 |
| 20180102 | 母猪的产后护理        |   100 |
+----------+-----------------------+-------+
2 rows in set (0.01 sec)

mysql>
```

我们使用子查询先统计出了`'母猪的产后护理'`这门课的平均分，然后再到外层查询中使用这个平均分组成的表达式来作为搜索条件去查找大于平均分的记录。





## 谓词

谓词就是**返回值为真值的函数**。例如，=、<、>、<> 等比较运算符，其正式的名称就是比较谓词。是需要满足特定条件的函数，该条件就是返回值是真值TRUE/FALSE/UNKNOWN)。如 : LIKE、IS NULL、IS NOT NULL、BETWEEN、IN、EXISTS。查看DQL中WHERE条件查询。





## CASE表达式 🔥

CASE表达式分为简单CASE表达式和搜索CASE表达式两种。搜索 CASE 表达式包含简单 CASE 表达式的全部功能。 

-   虽然CASE表达式中的ELSE子句可以省略，这时会被默认为ELSE NULL，但为了阅读方便尽量写上
-   CASE 表达式中的 END 不能省略
-   使用CASE表达式能够将SELECT语句的结果进行组合

有些 DBMS 还提供了一些特有的 CASE 表达式的简化函数，例如 Oracle 中的 DECODE、MySQL 中的 IF 等。



### 简单 CASE 表达式

```
SELECT
  product_name, -- 必须有这个逗号
  CASE
    product_type
    WHEN '衣服' THEN 'A :' || product_type
    WHEN '办公用品' THEN 'B :' || product_type
    WHEN '衣厨房用具' THEN 'C :' || product_type
    ELSE NULL
  END AS abc_product_type
FROM
  Product;
```

想要在 WHEN 子句中指定不同列时，简单 CASE 表达式就无能为力了。 



### 搜索 CASE 表达式 🔥

```
SELECT
  product_name, -- 必须有这个逗号
  CASE
    WHEN product_type = '衣服' THEN 'A :' | | product_type
    WHEN product_type = '办公用品' THEN 'B :' | | product_type
    WHEN product_type = '厨房用具' THEN 'C :' | | product_type
    ELSE NULL
  END AS abc_product_type
FROM
  Product;
```

在对 SELECT 语句的**结果进行编辑**时，CASE 表达式能够发挥较大作用。